zip_code,latitude,longitude,city,state
15001,40.6086,-80.1648,Aliquippa,PA
15003,40.361,-80.1761,Ambridge,PA
15009,40.6891,-80.3228,Beaver,PA
15010,40.7522,-80.3199,Beaver Falls,PA
15012,40.146,-79.8871,Belle Vernon,PA
15017,40.3485,-80.1174,Bridgeville,PA
15025,40.2952,-79.8901,Clairton,PA
15044,40.6312,-79.9344,Gibsonia,PA
15046,40.5589,-80.2087,Crescent,PA
15065,40.6517,-79.7432,Natrona Heights,PA
15068,40.5593,-79.7461,New Kensington,PA
15071,40.3692,-80.1793,Carnegie,PA
15090,40.6314,-80.0505,Wexford,PA
15101,40.5846,-79.9483,Allison Park,PA
15102,40.3191,-80.0982,Bethel Park,PA
15106,40.4024,-80.1213,Carnegie,PA
15108,40.4822,-80.1683,Moon Township,PA
15116,40.546,-79.9464,Glenshaw,PA
15120,40.4079,-79.9064,Homestead,PA
15122,40.365,-79.9088,West Mifflin,PA
15126,40.4685,-80.2252,Imperial,PA
15129,40.3023,-79.999,South Park,PA
15131,40.3636,-79.8477,McKeesport,PA
15132,40.3434,-79.8614,McKeesport,PA
15133,40.3273,-79.8791,McKeesport,PA
15136,40.4945,-80.1006,McKees Rocks,PA
15137,40.3833,-79.819,North Versailles,PA
15139,40.4298,-79.8278,Oakmont,PA
15140,40.4136,-79.8163,Pitcairn,PA
15142,40.3918,-80.1474,Presto,PA
15143,40.5454,-80.1603,Sewickley,PA
15144,40.5593,-79.7461,Springdale,PA
15145,40.4089,-79.8524,Turtle Creek,PA
15146,40.441,-79.7619,Monroeville,PA
15147,40.499,-79.8338,Verona,PA
15148,40.3892,-79.8464,Wilmerding,PA
15201,40.4768,-79.9567,Pittsburgh,PA
15202,40.5112,-80.067,Pittsburgh,PA
15203,40.4264,-79.9744,Pittsburgh,PA
15204,40.4579,-80.0624,Pittsburgh,PA
15205,40.4352,-80.0706,Pittsburgh,PA
15206,40.466,-79.9215,Pittsburgh,PA
15207,40.3948,-79.9271,Pittsburgh,PA
15208,40.4508,-79.8972,Pittsburgh,PA
15209,40.5,-79.9759,Pittsburgh,PA
15210,40.4078,-79.9844,Pittsburgh,PA
15211,40.43,-80.0113,Pittsburgh,PA
15212,40.4598,-79.9996,Pittsburgh,PA
15213,40.4443,-79.9542,Pittsburgh,PA
15214,40.4846,-79.9943,Pittsburgh,PA
15215,40.5083,-79.9415,Pittsburgh,PA
15216,40.3964,-80.0285,Pittsburgh,PA
15217,40.4325,-79.9213,Pittsburgh,PA
15218,40.431,-79.8896,Pittsburgh,PA
15219,40.4406,-79.9812,Pittsburgh,PA
15220,40.4187,-80.0547,Pittsburgh,PA
15221,40.4421,-79.8629,Pittsburgh,PA
15222,40.4508,-79.9992,Pittsburgh,PA
15223,40.5075,-79.9594,Pittsburgh,PA
15224,40.4621,-79.9444,Pittsburgh,PA
15225,40.5064,-80.1116,Pittsburgh,PA
15226,40.3873,-80.0154,Pittsburgh,PA
15227,40.373,-79.969,Pittsburgh,PA
15228,40.3694,-80.0396,Pittsburgh,PA
15229,40.5207,-80.0414,Pittsburgh,PA
15232,40.4535,-79.932,Pittsburgh,PA
15233,40.4563,-80.0315,Pittsburgh,PA
15234,40.3735,-80.0157,Pittsburgh,PA
15235,40.4481,-79.8191,Pittsburgh,PA
15236,40.3474,-79.9762,Pittsburgh,PA
15237,40.5505,-80.0389,Pittsburgh,PA
15238,40.5116,-79.878,Pittsburgh,PA
15239,40.4878,-79.7546,Pittsburgh,PA
15241,40.3266,-80.071,Pittsburgh,PA
15243,40.3742,-80.0637,Pittsburgh,PA
15301,40.174,-80.2462,Washington,PA
15314,39.9784,-79.9816,Brownsville,PA
15317,40.2635,-80.1653,Canonsburg,PA
15330,40.11,-80.01,Gastonville,PA
15332,40.24,-79.96,Finleyville,PA
15340,40.36,-80.37,Hickory,PA
15345,40.065,-80.03,Fredericktown,PA
15347,40.205,-80.23,Houston,PA
15362,39.933,-80.18,Waynesburg,PA
15370,39.896,-80.178,Waynesburg,PA
15401,39.8982,-79.7163,Uniontown,PA
15417,40.0197,-79.8999,California,PA
15425,40.0198,-79.5879,Connellsville,PA
15432,40.137,-79.878,Donora,PA
15437,39.7765,-79.5966,Farmington,PA
15445,39.8784,-79.656,Hopwood,PA
15456,40.004,-79.738,Lemont Furnace,PA
15459,39.7363,-79.4608,Markleysburg,PA
15461,39.98,-79.92,Masontown,PA
15468,39.97,-79.86,Point Marion,PA
15473,40.02,-79.85,Republic,PA
15478,39.85,-79.88,Smithfield,PA
15482,40.06,-79.71,Star Junction,PA
15486,40.08,-79.85,Perryopolis,PA
15501,40.0086,-79.0772,Somerset,PA
15502,40.0086,-79.0772,Hidden Valley,PA
15510,40.1565,-78.6934,Berlin,PA
15521,40.1815,-78.5178,Bedford,PA
15522,40.0116,-78.5025,Bedford,PA
15530,40,-79.1,Boswell,PA
15534,39.95,-78.67,Buffalo Mills,PA
15537,39.91,-78.44,Everett,PA
15538,39.95,-78.87,Fort Hill,PA
15540,39.8,-79.24,Addison,PA
15554,40.12,-78.6,Manns Choice,PA
15557,39.87,-79.16,Meyersdale,PA
15563,40.05,-78.86,Stoystown,PA
15601,40.3115,-79.5458,Greensburg,PA
15610,40.15,-79.42,Acme,PA
15613,40.58,-79.57,Apollo,PA
15615,40.36,-79.73,Ardara,PA
15617,40.27,-79.68,Bovard,PA
15622,40.06,-79.34,Champion,PA
15626,40.4,-79.53,Delmont,PA
15627,40.34,-79.31,Derry,PA
15631,40.22,-79.6,Everson,PA
15636,40.38,-79.63,Export,PA
15637,40.31,-79.51,Harrison City,PA
15644,40.34,-79.66,Jeannette,PA
15650,40.2886,-79.3847,Latrobe,PA
15658,40.25,-79.22,Ligonier,PA
15665,40.32,-79.61,Manor,PA
15668,40.47,-79.7,Murrysville,PA
15670,40.41,-79.44,New Alexandria,PA
15672,40.22,-79.73,Scottdale,PA
15681,40.43,-79.32,Saltsburg,PA
15683,40.21,-79.59,Scottdale,PA
15687,40.16,-79.23,Stahlstown,PA
15692,40.33,-79.6,Youngwood,PA
15701,40.6215,-79.1549,Indiana,PA
15705,40.6215,-79.1549,Indiana,PA
15714,40.65,-78.8,Northern Cambria,PA
15717,40.46,-79.16,Blairsville,PA
15722,40.6,-78.79,Carrolltown,PA
15724,40.72,-78.8,Cherry Tree,PA
15728,40.68,-79.02,Clymer,PA
15732,40.74,-79.21,Dayton,PA
15739,40.67,-79.17,Ernest,PA
15747,40.79,-79.07,Home,PA
15753,40.81,-78.86,Mahaffey,PA
15757,40.85,-78.92,McGees Mills,PA
15759,40.67,-79.29,Marion Center,PA
15767,41.0025,-79.0856,Punxsutawney,PA
15772,40.97,-78.85,Reynoldsville,PA
15773,40.57,-78.79,St Michael,PA
15774,40.43,-79.07,Shelocta,PA
15801,41.1256,-78.7301,Du Bois,PA
15825,41.1537,-79.0906,Brookville,PA
15834,41.43,-78.18,Emporium,PA
15845,41.32,-78.75,Kersey,PA
15849,41.13,-78.57,Luthersburg,PA
15851,41.08,-78.91,Reynoldsville,PA
15853,41.4222,-78.6222,Ridgway,PA
15857,41.428,-78.551,Saint Marys,PA
15860,41.2,-79.04,Sigel,PA
15861,41.32,-78.02,Sinnamahoning,PA
15868,41.17,-78.46,Weedville,PA
15901,40.3267,-78.922,Johnstown,PA
15902,40.3192,-78.8948,Johnstown,PA
15904,40.2922,-78.8774,Johnstown,PA
15905,40.3125,-78.9623,Johnstown,PA
15906,40.3621,-78.9352,Johnstown,PA
15909,40.3777,-78.8773,Johnstown,PA
16201,40.8108,-79.5215,Kittanning,PA
16210,40.92,-79.64,Adrian,PA
16214,41.2075,-79.3782,Clarion,PA
16217,41.2,-79.25,Cooksburg,PA
16222,40.88,-79.27,Dayton,PA
16226,40.7,-79.56,Elderton,PA
16228,40.77,-79.56,Ford City,PA
16229,40.75,-79.58,Freeport,PA
16232,41.16,-79.5,Knox,PA
16233,41.25,-79.5,Leeper,PA
16236,40.79,-79.53,Manorville,PA
16239,41.33,-79.16,Marienville,PA
16242,40.95,-79.46,New Bethlehem,PA
16248,41.04,-79.51,Rimersburg,PA
16254,41.19,-79.45,Shippenville,PA
16256,40.98,-79.18,Smicksburg,PA
16258,41.14,-79.33,Strattanville,PA
16259,40.99,-79.55,Templeton,PA
16262,40.86,-79.74,Worthington,PA
16301,41.4209,-79.7049,Oil City,PA
16311,41.57,-80.04,Carlton,PA
16314,41.5352,-79.741,Cooperstown,PA
16316,41.52,-80.38,Conneaut Lake,PA
16319,41.35,-79.65,Cranberry,PA
16323,41.47,-79.68,Franklin,PA
16326,41.37,-79.47,Fryburg,PA
16327,41.58,-79.94,Guys Mills,PA
16329,41.8332,-79.3178,Irvine,PA
16334,41.19,-79.73,Marble,PA
16335,41.6389,-80.1507,Meadville,PA
16340,41.7,-79.59,Pittsfield,PA
16341,41.47,-79.54,Pleasantville,PA
16342,41.37,-79.97,Polk,PA
16346,41.38,-79.56,Seneca,PA
16347,41.67,-79.27,Sheffield,PA
16353,41.5,-79.38,Tionesta,PA
16354,41.7478,-79.677,Titusville,PA
16360,41.52,-79.72,Utica,PA
16362,41.44,-79.89,Venus,PA
16365,41.8439,-79.145,Warren,PA
16371,41.82,-79.33,Youngsville,PA
16401,41.9469,-80.3619,Albion,PA
16403,41.8024,-80.3583,Cambridge Springs,PA
16404,41.72,-79.94,Centerville,PA
16405,41.92,-79.64,Columbus,PA
16406,41.75,-80.31,Conneautville,PA
16407,41.8024,-79.8058,Corry,PA
16410,41.8858,-80.3583,Conneautville,PA
16411,42.02,-80.39,Cranesville,PA
16412,42.0052,-80.2513,Edinboro,PA
16415,42.0282,-80.3369,Fairview,PA
16417,41.98,-80.14,Girard,PA
16420,41.67,-79.39,Grand Valley,PA
16421,42.1887,-79.9505,Girard,PA
16423,41.9282,-80.4541,Girard,PA
16424,41.72,-80.41,Linesville,PA
16426,41.96,-80.16,McKean,PA
16427,41.87,-79.74,Mill Village,PA
16428,42.0155,-79.8326,Union City,PA
16430,42.02,-80.42,North East,PA
16433,41.6288,-80.3461,Saegertown,PA
16434,41.81,-79.66,Spartansburg,PA
16435,41.82,-80.43,Springboro,PA
16436,41.77,-79.52,Spring Creek,PA
16438,41.9165,-79.8297,Union City,PA
16440,41.62,-80.08,Townville,PA
16441,41.9765,-80.1177,Waterford,PA
16442,42.02,-79.93,Wattsburg,PA
16443,41.75,-80.51,West Springfield,PA
16444,42.1292,-80.0851,Erie,PA
16475,42.0155,-79.8326,Union City,PA
16501,42.1292,-80.0851,Erie,PA
16502,42.113,-80.102,Erie,PA
16503,42.1234,-80.0594,Erie,PA
16504,42.1047,-80.056,Erie,PA
16505,42.1219,-80.1454,Erie,PA
16506,42.0919,-80.1536,Erie,PA
16507,42.1373,-80.0804,Erie,PA
16508,42.1001,-80.0927,Erie,PA
16509,42.0675,-80.0759,Erie,PA
16510,42.1141,-80.0093,Erie,PA
16511,42.1516,-80.0115,Erie,PA
16515,42.1292,-80.0851,Erie,PA
16546,42.1192,-80.0851,Erie,PA
16601,40.5088,-78.3947,Altoona,PA
16602,40.4951,-78.3755,Altoona,PA
16611,40.5585,-78.0999,Alexandria,PA
16617,40.5654,-78.3445,Bellwood,PA
16621,40.2283,-78.2053,Broad Top City,PA
16625,40.4271,-78.5271,Claysburg,PA
16630,40.4607,-78.5932,Cresson,PA
16635,40.4348,-78.3583,Duncansville,PA
16648,40.4821,-78.0136,Huntingdon,PA
16652,40.4821,-78.0136,Huntingdon,PA
16662,40.3783,-78.2792,Martinsburg,PA
16666,40.9155,-78.3419,Osceola Mills,PA
16670,40.2994,-78.5221,Portage,PA
16673,40.3258,-78.3762,Roaring Spring,PA
16686,40.588,-78.2293,Tyrone,PA
16693,40.3327,-78.1651,Williamsburg,PA
16801,40.7934,-77.86,State College,PA
16802,40.7934,-77.86,State College,PA
16803,40.7934,-77.86,State College,PA
16823,40.9137,-77.7727,Bellefonte,PA
16827,40.7523,-77.7619,Boalsburg,PA
16828,40.8321,-77.681,Centre Hall,PA
16844,40.9487,-77.8934,Howard,PA
16845,41.0225,-77.7361,Hublersburg,PA
16851,40.8268,-77.7992,Lemont,PA
16852,40.8913,-77.4845,Madisonburg,PA
16853,40.9137,-77.7727,Milesburg,PA
16854,40.8698,-77.47,Millheim,PA
16858,41.0116,-78.1026,Morrisdale,PA
16866,40.8979,-78.0371,Philipsburg,PA
16870,40.8044,-77.9175,Pine Grove Mills,PA
16871,41.0719,-77.5757,Port Matilda,PA
16874,41.017,-77.6025,Snow Shoe,PA
16875,40.7233,-77.5869,Spring Mills,PA
17003,40.33,-76.5,Annville,PA
17006,40.38,-77.11,Blain,PA
17007,40.15,-77.07,Boiling Springs,PA
17009,40.5,-77.35,Burnham,PA
17011,40.2392,-76.9247,Camp Hill,PA
17013,40.2012,-77.1885,Carlisle,PA
17015,40.1822,-77.1074,Carlisle,PA
17017,40.71,-76.66,Dornsife,PA
17018,40.36,-76.7873,Dauphin,PA
17019,40.1204,-77.0172,Dillsburg,PA
17020,40.4528,-77.0309,Duncannon,PA
17021,40.24,-77.58,Dry Run,PA
17022,40.15,-76.6,Elizabethtown,PA
17023,40.57,-76.81,Elizabethville,PA
17024,40.42,-77.24,Elliottsburg,PA
17025,40.2265,-76.695,Enola,PA
17026,40.4,-76.45,Fredericksburg,PA
17027,40.12,-76.85,Grantham,PA
17028,40.34,-76.78,Grantville,PA
17029,40.51,-77.61,Granville,PA
17030,40.56,-76.71,Gratz,PA
17032,40.37,-76.83,Halifax,PA
17033,40.2728,-76.6821,Hershey,PA
17034,40.2,-76.8,Highspire,PA
17035,40.56,-77.26,Honey Grove,PA
17036,40.2665,-76.701,Hummelstown,PA
17037,40.37,-77.34,Ickesburg,PA
17038,40.45,-76.58,Jonestown,PA
17040,40.34,-77.12,Landisburg,PA
17042,40.3398,-76.4236,Lebanon,PA
17043,40.2413,-76.9079,Lemoyne,PA
17044,40.5823,-77.57,Lewistown,PA
17045,40.4246,-76.9224,Liverpool,PA
17046,40.3398,-76.4236,Lebanon,PA
17047,40.37,-77.23,Loysville,PA
17048,40.41,-76.74,Lykens,PA
17049,40.53,-77.12,McAlisterville,PA
17050,40.2488,-77.0157,Mechanicsburg,PA
17051,40.49,-77.69,McVeytown,PA
17052,40.36,-77.74,Mapleton Depot,PA
17053,40.31,-76.96,Marysville,PA
17055,40.212,-77.0075,Mechanicsburg,PA
17057,40.1918,-76.7331,Middletown,PA
17058,40.55,-77.39,Mifflin,PA
17059,40.62,-77.16,Mifflintown,PA
17060,40.38,-77.71,Mill Creek,PA
17061,40.52,-76.81,Millersburg,PA
17062,40.52,-77.05,Millerstown,PA
17063,40.71,-77.59,Millmont,PA
17064,40.21,-76.52,Mount Gretna,PA
17065,40.106,-77.1821,Mount Holly Springs,PA
17066,40.38,-77.85,Mount Union,PA
17067,40.34,-76.28,Myerstown,PA
17068,40.39,-77.05,New Bloomfield,PA
17069,40.34,-76.93,New Buffalo,PA
17070,40.1828,-76.8828,New Cumberland,PA
17071,40.29,-77.43,New Germantown,PA
17073,40.3,-76.27,Newmanstown,PA
17074,40.47,-77,Newport,PA
17075,40.47,-77.88,Newton Hamilton,PA
17076,40.61,-77.26,Oakland Mills,PA
17078,40.3823,-76.5884,Palmyra,PA
17080,40.54,-76.89,Pillow,PA
17082,40.36,-77.38,Blain,PA
17084,40.67,-77.58,Reedsville,PA
17086,40.68,-77.07,Richfield,PA
17087,40.42,-76.27,Richland,PA
17088,40.3,-76.35,Schaefferstown,PA
17090,40.33,-77.18,Shermans Dale,PA
17093,40.2827,-76.8122,Penbrook,PA
17094,40.6,-77.14,Port Royal,PA
17097,40.45,-76.67,Wiconisco,PA
17098,40.41,-76.62,Williamstown,PA
17099,40.6,-77.57,Yeagertown,PA
17101,40.2632,-76.8831,Harrisburg,PA
17102,40.2728,-76.8979,Harrisburg,PA
17103,40.2819,-76.8752,Harrisburg,PA
17104,40.247,-76.8582,Harrisburg,PA
17109,40.3024,-76.8311,Harrisburg,PA
17110,40.3178,-76.8878,Harrisburg,PA
17111,40.2701,-76.7757,Harrisburg,PA
17112,40.3574,-76.827,Harrisburg,PA
17201,39.9376,-77.6611,Chambersburg,PA
17202,39.9265,-77.614,Chambersburg,PA
17225,39.8279,-77.6884,Greencastle,PA
17236,39.7793,-77.8937,McConnellsburg,PA
17257,40.0392,-77.5192,Shippensburg,PA
17268,39.7568,-77.5749,Waynesboro,PA
17301,39.8095,-76.9873,Abbottstown,PA
17325,39.8309,-77.2311,Gettysburg,PA
17331,39.8304,-76.9844,Hanover,PA
17339,40.0657,-76.7016,Lewisberry,PA
17340,39.7426,-77.224,Littlestown,PA
17344,39.7805,-77.0779,McSherrystown,PA
17345,40.0593,-76.7395,Manchester,PA
17347,40.0657,-76.5337,Mount Wolf,PA
17349,39.7568,-76.6934,New Freedom,PA
17350,39.8735,-77.0658,New Oxford,PA
17352,39.7521,-76.4916,Airville,PA
17356,39.7568,-76.6033,Red Lion,PA
17360,39.7575,-76.6761,Shrewsbury,PA
17362,39.8001,-76.6505,Spring Grove,PA
17363,39.7337,-76.5965,Stewartstown,PA
17365,40.0713,-76.8408,Wellsville,PA
17370,40.0559,-76.6069,York Haven,PA
17401,39.9626,-76.7277,York,PA
17402,39.9535,-76.6682,York,PA
17403,39.9436,-76.7216,York,PA
17404,39.9789,-76.758,York,PA
17406,39.9913,-76.6463,York,PA
17501,40.1049,-76.0539,Adamstown,PA
17516,39.912,-76.3388,Conestoga,PA
17517,40.2282,-76.0272,Denver,PA
17522,40.0998,-76.188,Ephrata,PA
17527,40.016,-76.0126,Gap,PA
17532,39.8635,-76.3507,Holtwood,PA
17534,40.0474,-76.1769,Intercourse,PA
17543,40.0907,-76.3123,Lititz,PA
17545,40.0537,-76.4227,Manheim,PA
17554,40.0035,-76.4232,Mount Joy,PA
17557,40.1168,-76.1137,New Holland,PA
17560,39.9551,-76.2353,New Providence,PA
17565,39.9069,-76.3612,Pequea,PA
17569,40.1709,-76.12,Reinholds,PA
17572,40.0013,-76.1765,Ronks,PA
17576,40.0199,-76.2007,Smoketown,PA
17579,40.0979,-76.182,Terre Hill,PA
17584,40.0119,-76.2885,Willow Street,PA
17601,40.0537,-76.3324,Lancaster,PA
17602,40.0379,-76.2823,Lancaster,PA
17603,40.0258,-76.3458,Lancaster,PA
17604,40.0379,-76.3055,Lancaster,PA
17701,41.2412,-77.0011,Williamsport,PA
17702,41.2412,-77.0011,Williamsport,PA
17720,41.15,-77.31,Avis,PA
17721,41.4,-77.35,Antes Fort,PA
17723,41.46,-77.37,Cammal,PA
17724,41.512,-76.797,Canton,PA
17728,41.24,-77.11,Cogan Station,PA
17729,41.53,-77.51,Cross Fork,PA
17730,41.11,-76.81,Dewart,PA
17731,41.28,-76.54,Eagles Mere,PA
17737,41.1596,-76.8735,Hughesville,PA
17739,41.39,-77.47,Jersey Shore,PA
17740,41.2467,-77.2697,Jersey Shore,PA
17742,41.04,-76.54,Lairdsville,PA
17744,41.13,-77.22,Linden,PA
17745,41.1328,-77.4478,Lock Haven,PA
17747,41.0448,-77.4923,Loganton,PA
17748,41.14,-77.45,Lock Haven,PA
17750,41.2,-77.33,Mackeyville,PA
17751,41.08,-77.52,Mill Hall,PA
17754,41.2402,-76.9122,Montoursville,PA
17756,41.107,-76.8593,Muncy,PA
17758,41.2,-76.42,Shunk,PA
17760,41.47,-77.48,North Bend,PA
17762,41.07,-76.92,Potts Grove,PA
17763,41.49,-77.05,Ralston,PA
17764,41.3383,-77.7353,Renovo,PA
17765,41.42,-76.86,Roaring Branch,PA
17768,41.5,-76.75,Shunk,PA
17769,41.34,-77.62,Slate Run,PA
17771,41.2412,-77.0011,Williamsport,PA
17772,41.08,-76.87,Turbotville,PA
17774,41.1059,-76.6992,Turbotville,PA
17776,41.15,-77.3,Woolrich,PA
17777,41.05,-76.87,Watsontown,PA
17778,41.37,-77.87,Westport,PA
17779,41.22,-77.41,Woolrich,PA
17801,40.8625,-76.7843,Sunbury,PA
17810,41.1114,-76.7828,Allenwood,PA
17815,41.004,-76.4529,Bloomsburg,PA
17820,40.8684,-76.4051,Catawissa,PA
17821,41.0533,-76.6091,Danville,PA
17824,40.8406,-76.5647,Elysburg,PA
17830,40.798,-76.6821,Herndon,PA
17834,40.7683,-76.5611,Kulpmont,PA
17837,40.9565,-76.8843,Lewisburg,PA
17840,40.7922,-76.4279,Marion Heights,PA
17844,40.9565,-76.9843,Mifflinburg,PA
17846,41.0697,-76.5111,Millville,PA
17847,40.9565,-76.8843,Milton,PA
17850,40.8989,-76.8271,Northumberland,PA
17851,40.7785,-76.5015,Mount Carmel,PA
17855,40.8877,-76.85,New Berlin,PA
17857,40.8589,-76.8471,Northumberland,PA
17864,40.7023,-76.6765,Port Trevorton,PA
17866,40.761,-76.5555,Coal Township,PA
17868,40.8857,-76.6174,Riverside,PA
17870,40.8079,-76.7847,Selinsgrove,PA
17872,40.761,-76.5555,Shamokin,PA
17876,40.7896,-76.823,Shamokin Dam,PA
17884,41.03,-76.85,Watsontown,PA
17886,41.006,-76.928,West Milton,PA
17889,40.8644,-76.865,Winfield,PA
17901,40.6856,-76.1955,Pottsville,PA
17921,40.7314,-76.3487,Ashland,PA
17931,40.7755,-76.2312,Frackville,PA
17935,40.7874,-76.2755,Girardville,PA
17938,40.6373,-76.3918,Hegins,PA
17948,40.7946,-76.2367,Mahanoy City,PA
17954,40.6915,-76.2452,Minersville,PA
17959,40.7068,-76.377,Muir,PA
17960,40.6257,-76.0357,New Ringgold,PA
17961,40.6315,-76.186,Orwigsburg,PA
17963,40.5704,-76.3826,Pine Grove,PA
17967,40.7926,-76.1862,Ringtown,PA
17970,40.7314,-76.1632,Saint Clair,PA
17972,40.6353,-76.0756,Schuylkill Haven,PA
17976,40.817,-76.2451,Shenandoah,PA
17978,40.6353,-76.3918,Tremont,PA
18001,40.6084,-75.4902,Allentown,PA
18002,40.6084,-75.4902,Allentown,PA
18003,40.6084,-75.4902,Allentown,PA
18011,40.5276,-75.5874,Alburtis,PA
18013,40.8459,-75.1957,Bangor,PA
18014,40.7219,-75.4002,Bath,PA
18015,40.6134,-75.3771,Bethlehem,PA
18017,40.6551,-75.3773,Bethlehem,PA
18018,40.6134,-75.3771,Bethlehem,PA
18020,40.6898,-75.3437,Bethlehem,PA
18031,40.6253,-75.5826,Breinigsville,PA
18032,40.639,-75.471,Catasauqua,PA
18034,40.6674,-75.4556,Center Valley,PA
18035,40.6708,-75.5263,Coopersburg,PA
18036,40.5169,-75.3961,Coopersburg,PA
18037,40.6641,-75.4872,Coplay,PA
18040,40.6795,-75.2207,Easton,PA
18042,40.6887,-75.2177,Easton,PA
18045,40.6789,-75.2816,Easton,PA
18049,40.5307,-75.5192,Emmaus,PA
18051,40.5467,-75.6571,Fogelsville,PA
18052,40.6629,-75.5252,Whitehall,PA
18053,40.7179,-75.6196,Germansville,PA
18055,40.5769,-75.3456,Hellertown,PA
18062,40.5553,-75.567,Macungie,PA
18064,40.7483,-75.302,Nazareth,PA
18065,40.6817,-75.5937,Neffs,PA
18066,40.6698,-75.6101,New Tripoli,PA
18067,40.6837,-75.4793,Northampton,PA
18069,40.591,-75.57,Orefield,PA
18072,40.7879,-75.2685,Pen Argyl,PA
18073,40.3803,-75.5068,Pennsburg,PA
18076,40.3903,-75.4493,Red Hill,PA
18077,40.5228,-75.3425,Riegelsville,PA
18078,40.6769,-75.6053,Schnecksville,PA
18080,40.7393,-75.5159,Slatington,PA
18085,40.7552,-75.2543,Tatamy,PA
18088,40.6948,-75.5998,Walnutport,PA
18091,40.8149,-75.2857,Wind Gap,PA
18092,40.5164,-75.4949,Zionsville,PA
18201,40.9585,-75.9746,Hazleton,PA
18202,40.9585,-75.9746,Hazleton,PA
18210,41.0371,-75.5746,Albrightsville,PA
18211,40.7879,-75.7707,Andreas,PA
18214,40.8127,-76.0773,Barnesville,PA
18216,40.9068,-75.8822,Beaver Meadows,PA
18218,40.8135,-75.9318,Coaldale,PA
18219,41.012,-76.0764,Conyngham,PA
18220,40.9364,-76.0789,Drums,PA
18222,41.0127,-75.8879,Freeland,PA
18224,41.0127,-75.8879,Freeland,PA
18229,40.8707,-75.6886,Jim Thorpe,PA
18230,40.8373,-75.9171,Lansford,PA
18231,40.8274,-76.0067,Lehighton,PA
18232,40.8274,-76.0067,Nesquehoning,PA
18234,40.9585,-75.9746,McAdoo,PA
18235,40.8274,-76.0067,Lehighton,PA
18237,40.864,-76.02,Mahanoy City,PA
18239,41.0127,-75.8879,Jeddo,PA
18240,40.8622,-75.882,Nesquehoning,PA
18241,40.9585,-75.9746,Nuremberg,PA
18244,40.8093,-75.5736,Palmerton,PA
18245,40.8457,-76.0972,Quakake,PA
18246,41.0127,-75.8879,Rock Glen,PA
18248,40.8476,-76.1479,Shenandoah,PA
18249,41.0023,-76.0764,Sugarloaf,PA
18250,40.8274,-76.0067,Summit Hill,PA
18251,41.0127,-75.8879,Sybertsville,PA
18252,40.8174,-75.9367,Tamaqua,PA
18254,40.8622,-75.882,Tresckow,PA
18255,40.9585,-75.9746,Weatherly,PA
18256,40.8476,-76.1479,Weston,PA
18301,40.982,-75.2097,East Stroudsburg,PA
18302,41.0575,-75.0845,Marshalls Creek,PA
18321,41.0539,-75.2707,Bartonsville,PA
18325,41.1855,-75.2274,Canadensis,PA
18330,41,-75.4,Effort,PA
18332,41.0575,-75.0845,Henryville,PA
18334,41.0873,-75.4684,Long Pond,PA
18344,41.0539,-75.2707,Mount Pocono,PA
18346,41.0539,-75.2707,Pocono Summit,PA
18347,41.0975,-75.5337,Pocono Lake,PA
18349,41.0539,-75.2707,Pocono Manor,PA
18353,40.9111,-75.319,Saylorsburg,PA
18354,40.8914,-75.3006,Sciota,PA
18355,41.0539,-75.2707,Scotrun,PA
18360,40.982,-75.2097,Stroudsburg,PA
18370,41.1576,-75.3379,Tannersville,PA
18371,41.1185,-75.0203,Tamiment,PA
18372,41.0539,-75.2707,Tannersville,PA
18411,41.4818,-75.7025,Clarks Summit,PA
18414,41.5556,-75.6944,Dalton,PA
18415,41.75,-75.27,Damascus,PA
18421,41.6,-75.53,Forest City,PA
18424,41.2,-75.55,Gouldsboro,PA
18428,41.4,-75.18,Hawley,PA
18431,41.58,-75.26,Honesdale,PA
18433,41.57,-75.59,Jermyn,PA
18434,41.45,-75.7,Jessup,PA
18436,41.43,-75.39,Lake Ariel,PA
18440,41.49,-75.71,Moscow,PA
18444,41.34,-75.42,Moscow,PA
18447,41.51,-75.66,Olyphant,PA
18448,41.49,-75.64,Olyphant,PA
18451,41.38,-75.27,Paupack,PA
18452,41.47,-75.72,Peckville,PA
18453,41.52,-75.33,Pleasant Mount,PA
18456,41.62,-75.42,Prompton,PA
18458,41.42,-74.98,Shohola,PA
18461,41.61,-75.49,Starlight,PA
18462,41.65,-75.37,Starrucca,PA
18464,41.37,-75.34,Tafton,PA
18466,41.17,-75.44,Tobyhanna,PA
18469,41.68,-75.16,Tyler Hill,PA
18470,41.69,-75.51,Union Dale,PA
18471,41.45,-75.59,Waverly,PA
18472,41.6,-75.38,Waymart,PA
18473,41.41,-75.25,Greentown,PA
18501,41.409,-75.6624,Scranton,PA
18503,41.409,-75.6624,Scranton,PA
18504,41.4222,-75.687,Scranton,PA
18505,41.387,-75.651,Scranton,PA
18507,41.3649,-75.7124,Moosic,PA
18508,41.4523,-75.6494,Scranton,PA
18509,41.4375,-75.6371,Scranton,PA
18510,41.4146,-75.647,Scranton,PA
18512,41.4448,-75.687,Scranton,PA
18515,41.409,-75.6624,Scranton,PA
18518,41.3571,-75.7336,Old Forge,PA
18519,41.4727,-75.6379,Dickson City,PA
18612,41.328,-75.934,Dallas,PA
18615,41.2846,-75.7978,Bear Creek,PA
18641,41.3363,-75.7802,Pittston,PA
18643,41.3185,-75.7919,Pittston,PA
18657,41.2423,-76.0516,Tunkhannock,PA
18660,41.1672,-76.048,Shickshinny,PA
18661,41.0702,-76.0724,Sugarloaf,PA
18701,41.2459,-75.8813,Wilkes-Barre,PA
18702,41.2117,-75.9124,Wilkes-Barre,PA
18704,41.2771,-75.8677,Kingston,PA
18705,41.2771,-75.8377,Wilkes-Barre,PA
18706,41.1992,-75.9481,Wilkes-Barre,PA
18707,41.3126,-75.8571,Mountain Top,PA
18708,41.328,-75.934,Shavertown,PA
18709,41.276,-75.902,Luzerne,PA
18710,41.2459,-75.8813,Wilkes-Barre,PA
18711,41.2459,-75.8813,Wilkes-Barre,PA
18901,40.3098,-75.1291,Doylestown,PA
18902,40.3374,-75.0824,Doylestown,PA
18912,40.3518,-75.0192,Buckingham,PA
18914,40.2888,-75.1952,Chalfont,PA
18917,40.3674,-75.1887,Dublin,PA
18920,40.4419,-75.0843,Erwinna,PA
18925,40.3098,-75.04,Furlong,PA
18929,40.2522,-75.0571,Ivyland,PA
18932,40.2693,-75.1072,Line Lexington,PA
18936,40.2297,-75.222,Maple Glen,PA
18938,40.3671,-74.9507,New Hope,PA
18940,40.2212,-74.984,Newtown,PA
18944,40.349,-75.2313,Perkasie,PA
18947,40.4268,-75.1092,Pipersville,PA
18951,40.3684,-75.2923,Quakertown,PA
18954,40.2099,-75.0548,Richboro,PA
18966,40.2003,-75.0138,Southampton,PA
18974,40.231,-75.0716,Warminster,PA
18976,40.2399,-75.1324,Warrington,PA
18977,40.1789,-74.822,Washington Crossing,PA
19008,39.9709,-75.3529,Broomall,PA
19013,39.8557,-75.3717,Chester,PA
19014,39.8764,-75.3949,Aston,PA
19015,39.9252,-75.3432,Brookhaven,PA
19018,39.9283,-75.2901,Clifton Heights,PA
19022,39.869,-75.3271,Crum Lynne,PA
19023,39.9045,-75.2636,Darby,PA
19026,39.9482,-75.3082,Drexel Hill,PA
19032,39.897,-75.2733,Folcroft,PA
19036,39.891,-75.29,Glenolden,PA
19041,39.9979,-75.3093,Haverford,PA
19050,39.9474,-75.2604,Lansdowne,PA
19063,39.9179,-75.3966,Media,PA
19064,39.9206,-75.3303,Springfield,PA
19070,39.8945,-75.3255,Morton,PA
19073,39.9277,-75.4334,Newtown Square,PA
19074,39.8861,-75.2986,Norwood,PA
19076,39.9007,-75.3042,Prospect Park,PA
19078,39.8797,-75.3456,Ridley Park,PA
19079,39.8992,-75.2634,Sharon Hill,PA
19081,39.9338,-75.3513,Swarthmore,PA
19082,39.9707,-75.2844,Upper Darby,PA
19083,39.9816,-75.3071,Havertown,PA
19085,40.0046,-75.3274,Villanova,PA
19086,39.9083,-75.3668,Wallingford,PA
19087,40.0158,-75.3618,Wayne,PA
19101,39.9526,-75.1652,Philadelphia,PA
19102,39.9526,-75.1652,Philadelphia,PA
19103,39.9536,-75.1727,Philadelphia,PA
19104,39.9585,-75.2004,Philadelphia,PA
19105,39.9472,-75.1478,Philadelphia,PA
19106,39.9479,-75.1437,Philadelphia,PA
19107,39.9527,-75.1609,Philadelphia,PA
19108,39.9505,-75.1622,Philadelphia,PA
19109,39.9505,-75.1622,Philadelphia,PA
19110,39.9505,-75.1622,Philadelphia,PA
19111,40.0595,-75.0738,Philadelphia,PA
19112,39.8907,-75.1766,Philadelphia,PA
19113,39.8686,-75.2458,Philadelphia,PA
19114,40.0697,-74.9989,Philadelphia,PA
19115,40.0892,-75.0395,Philadelphia,PA
19116,40.1165,-75.008,Philadelphia,PA
19118,40.0788,-75.2103,Philadelphia,PA
19119,40.0574,-75.1916,Philadelphia,PA
19120,40.034,-75.1185,Philadelphia,PA
19121,39.9777,-75.1746,Philadelphia,PA
19122,39.9776,-75.1548,Philadelphia,PA
19123,39.9638,-75.1519,Philadelphia,PA
19124,40.0251,-75.0913,Philadelphia,PA
19125,39.9773,-75.1331,Philadelphia,PA
19126,40.0551,-75.138,Philadelphia,PA
19127,40.0272,-75.2246,Philadelphia,PA
19128,40.053,-75.2248,Philadelphia,PA
19129,40.0149,-75.1858,Philadelphia,PA
19130,39.9678,-75.1748,Philadelphia,PA
19131,39.9866,-75.2308,Philadelphia,PA
19132,40.0024,-75.1718,Philadelphia,PA
19133,39.9946,-75.1372,Philadelphia,PA
19134,39.9935,-75.1036,Philadelphia,PA
19135,40.024,-75.0452,Philadelphia,PA
19136,40.044,-75.0186,Philadelphia,PA
19137,40.0041,-75.0674,Philadelphia,PA
19138,40.0573,-75.1587,Philadelphia,PA
19139,39.9614,-75.2296,Philadelphia,PA
19140,40.0126,-75.1453,Philadelphia,PA
19141,40.0376,-75.1467,Philadelphia,PA
19142,39.9227,-75.2349,Philadelphia,PA
19143,39.9448,-75.229,Philadelphia,PA
19144,40.0366,-75.1747,Philadelphia,PA
19145,39.9152,-75.1908,Philadelphia,PA
19146,39.9394,-75.1797,Philadelphia,PA
19147,39.9357,-75.1561,Philadelphia,PA
19148,39.9145,-75.1565,Philadelphia,PA
19149,40.0354,-75.0618,Philadelphia,PA
19150,40.0727,-75.1648,Philadelphia,PA
19151,39.9724,-75.2585,Philadelphia,PA
19152,40.0594,-75.0498,Philadelphia,PA
19153,39.8913,-75.229,Philadelphia,PA
19154,40.1015,-74.9879,Philadelphia,PA
19155,40.1015,-74.9879,Philadelphia,PA
19301,40.0403,-75.5109,Paoli,PA
19312,40.0341,-75.466,Berwyn,PA
19320,39.9603,-75.6119,Coatesville,PA
19335,39.9579,-75.6119,Downingtown,PA
19341,40.0363,-75.5532,Exton,PA
19348,39.873,-75.7204,Kennett Square,PA
19355,40.0568,-75.4941,Malvern,PA
19380,39.9574,-75.5912,West Chester,PA
19382,39.9248,-75.5818,West Chester,PA
19390,39.9068,-75.762,West Grove,PA
19401,40.1253,-75.3395,Norristown,PA
19403,40.1532,-75.3829,Norristown,PA
19422,40.1552,-75.2652,Blue Bell,PA
19428,40.0827,-75.3089,Conshohocken,PA
19436,40.177,-75.2232,Gwynedd,PA
19437,40.1883,-75.2327,Gwynedd Valley,PA
19444,40.0998,-75.2579,Lafayette Hill,PA
19446,40.2118,-75.2837,Lansdale,PA
19454,40.2339,-75.2606,North Wales,PA
19460,40.1308,-75.5184,Phoenixville,PA
19462,40.11,-75.3412,Plymouth Meeting,PA
19468,40.1912,-75.4875,Royersford,PA
19473,40.2354,-75.4509,Schwenksville,PA
19477,40.1796,-75.1927,Spring House,PA
19508,40.3823,-75.7338,Birdsboro,PA
19512,40.4768,-75.7268,Boyertown,PA
19518,40.3362,-75.7878,Douglassville,PA
19522,40.4946,-75.8527,Fleetwood,PA
19530,40.5364,-75.7284,Kutztown,PA
19540,40.3821,-75.7757,Mohnton,PA
19560,40.4597,-75.9782,Temple,PA
19601,40.3412,-75.9281,Reading,PA
19602,40.3318,-75.9129,Reading,PA
19604,40.3618,-75.9072,Reading,PA
19605,40.3873,-75.9213,Reading,PA
19606,40.337,-75.8699,Reading,PA
19607,40.316,-75.9547,Reading,PA
19608,40.318,-76.0324,Reading,PA
19609,40.3282,-75.9928,Reading,PA
19610,40.3577,-75.9729,Reading,PA
19611,40.3169,-75.9411,Reading,PA
18400,41.5638,-75.4795,Scranton,PA
18401,41.5667,-75.7011,Carbondale,PA
18402,41.2265,-75.6885,Archbald,PA
18403,41.5728,-75.6908,Dunmore,PA
18404,41.5021,-75.5869,Taylor,PA
18405,41.1814,-75.6192,Scranton,PA
18406,41.0792,-75.2374,Carbondale,PA
18407,41.2149,-75.2440,Archbald,PA
18408,41.3446,-75.5932,Dunmore,PA
18409,41.1509,-75.3639,Taylor,PA
18410,41.1229,-75.2161,Scranton,PA
18412,41.5108,-75.4831,Archbald,PA
18413,41.3623,-75.6552,Dunmore,PA
18416,41.5856,-75.2595,Carbondale,PA
18417,41.2031,-75.2159,Archbald,PA
18418,41.3638,-75.3041,Dunmore,PA
18419,41.4043,-75.3561,Taylor,PA
18420,41.1106,-75.7832,Scranton,PA
18422,41.1628,-75.6577,Archbald,PA
18423,41.3803,-75.7287,Dunmore,PA
18425,41.0189,-75.2876,Scranton,PA
18426,41.2238,-75.4858,Carbondale,PA
18427,41.3351,-75.7246,Archbald,PA
18429,41.5376,-75.7124,Taylor,PA
18430,41.3910,-75.2862,Scranton,PA
18432,41.1932,-75.2432,Archbald,PA
18435,41.2932,-75.6665,Scranton,PA
18437,41.3436,-75.3749,Archbald,PA
18438,41.4396,-75.3961,Dunmore,PA
18439,41.4502,-75.4508,Taylor,PA
18441,41.2281,-75.2772,Carbondale,PA
18442,41.5295,-75.7006,Archbald,PA
18443,41.3437,-75.2503,Dunmore,PA
18445,41.1758,-75.3851,Scranton,PA
18446,41.5019,-75.5272,Carbondale,PA
18449,41.2235,-75.5318,Taylor,PA
18450,41.3674,-75.2656,Scranton,PA
18454,41.1177,-75.3636,Taylor,PA
18455,41.4060,-75.3779,Scranton,PA
18457,41.2423,-75.4813,Archbald,PA
18459,41.4828,-75.5929,Taylor,PA
18460,41.3840,-75.5427,Scranton,PA
18463,41.4622,-75.7778,Dunmore,PA
18465,41.2149,-75.5865,Scranton,PA
18467,41.2694,-75.2627,Archbald,PA
18468,41.5224,-75.2760,Dunmore,PA
18474,41.5993,-75.2578,Taylor,PA
18475,41.0118,-75.5630,Scranton,PA
18476,41.2550,-75.5755,Carbondale,PA
18477,41.3702,-75.7619,Archbald,PA
18478,41.4129,-75.3253,Dunmore,PA
18479,41.0052,-75.7592,Taylor,PA
18480,41.2479,-75.5013,Scranton,PA
18481,41.4022,-75.7445,Carbondale,PA
18482,41.0650,-75.7502,Archbald,PA
18483,41.4250,-75.7747,Dunmore,PA
18484,41.0996,-75.4564,Taylor,PA
18485,41.5650,-75.5694,Scranton,PA
18486,41.2179,-75.4924,Carbondale,PA
18487,41.2215,-75.3949,Archbald,PA
18488,41.0797,-75.4596,Dunmore,PA
18489,41.2176,-75.6726,Taylor,PA
18490,41.0802,-75.5523,Scranton,PA
18491,41.0839,-75.2961,Carbondale,PA
18492,41.1106,-75.5942,Archbald,PA
18493,41.5585,-75.6876,Dunmore,PA
18494,41.5016,-75.3271,Taylor,PA
18495,41.0649,-75.6819,Scranton,PA
18496,41.2519,-75.7684,Carbondale,PA
18497,41.5315,-75.7414,Archbald,PA
18498,41.2491,-75.7866,Dunmore,PA
18499,41.4202,-75.4189,Taylor,PA
18500,41.1258,-75.8879,Scranton,PA
18502,41.2079,-75.8542,Blakely,PA
18506,41.3605,-75.5245,Blakely,PA
18511,41.1571,-75.5617,Peckville,PA
18513,41.1096,-75.7538,Throop,PA
18514,41.2500,-75.8378,Blakely,PA
18516,41.3823,-75.7141,Scranton,PA
18517,41.4069,-75.7562,Throop,PA
18520,41.4658,-75.6310,Scranton,PA
18521,41.4936,-75.5817,Throop,PA
18522,41.0735,-75.7422,Blakely,PA
18523,41.4701,-75.7252,Peckville,PA
18524,41.0460,-75.7252,Scranton,PA
18525,41.3924,-75.9600,Throop,PA
18526,41.4050,-75.8160,Blakely,PA
18527,41.4418,-75.7779,Peckville,PA
18528,41.2449,-75.7819,Scranton,PA
18529,41.3458,-75.7749,Throop,PA
18530,41.1360,-75.5722,Blakely,PA
18531,41.3751,-75.7700,Peckville,PA
18532,41.2911,-75.6741,Scranton,PA
18533,41.4893,-75.9673,Throop,PA
18534,41.1835,-75.6931,Blakely,PA
18535,41.0897,-75.5871,Peckville,PA
18536,41.0264,-75.5714,Scranton,PA
18537,41.0036,-75.8987,Throop,PA
18538,41.0120,-75.8403,Blakely,PA
18539,41.2007,-75.6702,Peckville,PA
18540,41.1677,-75.8980,Scranton,PA
18541,41.1655,-75.8116,Throop,PA
18542,41.2413,-75.6149,Blakely,PA
18543,41.2376,-75.5525,Peckville,PA
18544,41.2022,-75.9723,Scranton,PA
18545,41.1872,-75.8253,Throop,PA
18546,41.0382,-75.6365,Blakely,PA
18547,41.4555,-75.7737,Peckville,PA
18548,41.4294,-75.9138,Scranton,PA
18549,41.1035,-75.6040,Throop,PA
18550,41.2913,-75.8946,Blakely,PA
18551,41.4613,-75.6531,Peckville,PA
18552,41.4283,-75.8510,Scranton,PA
18553,41.0275,-75.6313,Throop,PA
18554,41.3576,-75.7833,Blakely,PA
18555,41.4505,-75.9702,Peckville,PA
18556,41.4123,-75.8276,Scranton,PA
18557,41.2811,-75.6428,Throop,PA
18558,41.1099,-75.8709,Blakely,PA
18559,41.2299,-75.5143,Peckville,PA
18560,41.1210,-75.7966,Scranton,PA
18561,41.2024,-75.9602,Throop,PA
18562,41.3314,-75.7616,Blakely,PA
18563,41.4872,-75.8692,Peckville,PA
18564,41.2566,-75.5096,Scranton,PA
18565,41.1317,-75.7441,Throop,PA
18566,41.4743,-75.8049,Blakely,PA
18567,41.4563,-75.8466,Peckville,PA
18568,41.2038,-75.7372,Scranton,PA
18569,41.2554,-75.7408,Throop,PA
18570,41.1046,-75.9226,Blakely,PA
18571,41.1443,-75.7217,Peckville,PA
18572,41.2239,-75.5043,Scranton,PA
18573,41.2582,-75.6175,Throop,PA
18574,41.4068,-75.8816,Blakely,PA
18575,41.3337,-75.6099,Peckville,PA
18576,41.1809,-75.7387,Scranton,PA
18577,41.1255,-75.8150,Throop,PA
18578,41.4070,-75.9788,Blakely,PA
18579,41.2510,-75.8601,Peckville,PA
18580,41.0018,-75.9758,Scranton,PA
18581,41.3015,-75.7543,Throop,PA
18582,41.0320,-75.7201,Blakely,PA
18583,41.3508,-75.6363,Peckville,PA
18584,41.2861,-75.6920,Scranton,PA
18585,41.1367,-75.5214,Throop,PA
18586,41.4486,-75.6679,Blakely,PA
18587,41.4495,-75.8922,Peckville,PA
18588,41.3187,-75.6295,Scranton,PA
18589,41.2760,-75.8060,Throop,PA
18590,41.3973,-75.8325,Blakely,PA
18591,41.0261,-75.5833,Peckville,PA
18592,41.2690,-75.5914,Scranton,PA
18593,41.2941,-75.8274,Throop,PA
18594,41.0691,-75.6432,Blakely,PA
18595,41.1336,-75.5401,Peckville,PA
18596,41.0522,-75.6285,Scranton,PA
18597,41.0156,-75.9321,Throop,PA
18598,41.4901,-75.8083,Blakely,PA
18599,41.3842,-75.6468,Peckville,PA
18600,41.1987,-76.1934,Dallas,PA
18601,41.1151,-76.0625,Pittston,PA
18602,41.4007,-75.8939,Kingston,PA
18603,41.1621,-75.9889,Nanticoke,PA
18604,41.4995,-76.0232,Dallas,PA
18605,41.3193,-75.8659,Pittston,PA
18606,41.1081,-75.7550,Kingston,PA
18607,41.4209,-76.0735,Nanticoke,PA
18608,41.3372,-75.8777,Dallas,PA
18609,41.1422,-75.9393,Pittston,PA
18610,41.1485,-76.0741,Kingston,PA
18611,41.3027,-76.0187,Nanticoke,PA
18613,41.3602,-76.1692,Pittston,PA
18614,41.3491,-75.7562,Kingston,PA
18616,41.4837,-76.0135,Dallas,PA
18617,41.2736,-75.7516,Pittston,PA
18618,41.2136,-76.0815,Kingston,PA
18619,41.4034,-75.8879,Nanticoke,PA
18620,41.3238,-75.7886,Dallas,PA
18621,41.1961,-76.1316,Pittston,PA
18622,41.1456,-76.1667,Kingston,PA
18623,41.3197,-75.9506,Nanticoke,PA
18624,41.4372,-75.8218,Dallas,PA
18625,41.4252,-76.0869,Pittston,PA
18626,41.3346,-76.0170,Kingston,PA
18627,41.4811,-75.7020,Nanticoke,PA
18628,41.4681,-75.7141,Dallas,PA
18629,41.4774,-76.1990,Pittston,PA
18630,41.3338,-75.7102,Kingston,PA
18631,41.3766,-75.9855,Nanticoke,PA
18632,41.1253,-75.7966,Dallas,PA
18633,41.1637,-75.9104,Pittston,PA
18634,41.1486,-76.0953,Kingston,PA
18635,41.3811,-76.0291,Nanticoke,PA
18636,41.1161,-76.0981,Dallas,PA
18637,41.1913,-76.1293,Pittston,PA
18638,41.2575,-75.7004,Kingston,PA
18639,41.2361,-75.7941,Nanticoke,PA
18640,41.4174,-76.0507,Dallas,PA
18642,41.3279,-76.0522,Kingston,PA
18644,41.3407,-75.8706,Dallas,PA
18645,41.4955,-75.8141,Pittston,PA
18646,41.1583,-75.7430,Kingston,PA
18647,41.2003,-76.0082,Nanticoke,PA
18648,41.3864,-76.0797,Dallas,PA
18649,41.1697,-75.8882,Pittston,PA
18650,41.1838,-75.9193,Kingston,PA
18651,41.3740,-75.8034,Nanticoke,PA
18652,41.4288,-75.8978,Dallas,PA
18653,41.4341,-75.9468,Pittston,PA
18654,41.4799,-76.1724,Kingston,PA
18655,41.2083,-76.0587,Nanticoke,PA
18656,41.3217,-75.7810,Dallas,PA
18658,41.1840,-76.0162,Kingston,PA
18659,41.2118,-75.8701,Nanticoke,PA
18662,41.3069,-76.1883,Kingston,PA
18663,41.2722,-75.8099,Nanticoke,PA
18664,41.1990,-75.8560,Dallas,PA
18665,41.2862,-75.8680,Pittston,PA
18666,41.2765,-76.1736,Kingston,PA
18667,41.1359,-76.1628,Nanticoke,PA
18668,41.1952,-76.0060,Dallas,PA
18669,41.3845,-75.7460,Pittston,PA
18670,41.2133,-75.7857,Kingston,PA
18671,41.4420,-76.0142,Nanticoke,PA
18672,41.4515,-75.7625,Dallas,PA
18673,41.1578,-76.1182,Pittston,PA
18674,41.3307,-75.8876,Kingston,PA
18675,41.3549,-76.1959,Nanticoke,PA
18676,41.3022,-76.0083,Dallas,PA
18677,41.2202,-75.7234,Pittston,PA
18678,41.3920,-75.9835,Kingston,PA
18679,41.4484,-76.0053,Nanticoke,PA
18680,41.4769,-75.9935,Dallas,PA
18681,41.1303,-76.1758,Pittston,PA
18682,41.2498,-76.1485,Kingston,PA
18683,41.1897,-76.0046,Nanticoke,PA
18684,41.1481,-75.7300,Dallas,PA
18685,41.2401,-75.9272,Pittston,PA
18686,41.4889,-75.9347,Kingston,PA
18687,41.3206,-75.9029,Nanticoke,PA
18688,41.4011,-76.0776,Dallas,PA
18689,41.4749,-76.1387,Pittston,PA
18690,41.2723,-75.8098,Kingston,PA
18691,41.2877,-76.1801,Nanticoke,PA
18692,41.4702,-75.8079,Dallas,PA
18693,41.2025,-75.7733,Pittston,PA
18694,41.3576,-75.7843,Kingston,PA
18695,41.3035,-75.8684,Nanticoke,PA
18696,41.3888,-75.9681,Dallas,PA
18697,41.1118,-75.9557,Pittston,PA
18698,41.2670,-75.8417,Kingston,PA
18699,41.3296,-76.1745,Nanticoke,PA
18700,41.3200,-75.7073,Wilkes-Barre,PA
18703,41.0405,-75.8789,Ashley,PA
18712,41.3686,-76.0910,Wilkes-Barre,PA
18713,41.0748,-75.9964,Plains,PA
18714,41.1012,-75.8842,Edwardsville,PA
18715,41.2579,-75.9493,Ashley,PA
18716,41.1350,-75.8363,Wilkes-Barre,PA
18717,41.2822,-75.9629,Plains,PA
18718,41.0029,-75.8924,Edwardsville,PA
18719,41.0795,-75.9160,Ashley,PA
18720,41.2170,-75.8741,Wilkes-Barre,PA
18721,41.3309,-75.7560,Plains,PA
18722,41.2588,-75.8004,Edwardsville,PA
18723,41.2182,-76.0311,Ashley,PA
18724,41.3162,-75.7287,Wilkes-Barre,PA
18725,41.1501,-76.0394,Plains,PA
18726,41.0801,-75.7246,Edwardsville,PA
18727,41.1750,-75.8623,Ashley,PA
18728,41.1852,-76.0598,Wilkes-Barre,PA
18729,41.2753,-75.7218,Plains,PA
18730,41.3146,-76.0218,Edwardsville,PA
18731,41.0805,-75.8055,Ashley,PA
18732,41.2926,-75.7644,Wilkes-Barre,PA
18733,41.1214,-75.7959,Plains,PA
18734,41.2586,-75.8204,Edwardsville,PA
18735,41.1283,-76.0964,Ashley,PA
18736,41.1450,-75.9920,Wilkes-Barre,PA
18737,41.0666,-75.8595,Plains,PA
18738,41.3143,-75.9189,Edwardsville,PA
18739,41.2545,-76.0493,Ashley,PA
18740,41.0296,-75.7188,Wilkes-Barre,PA
18741,41.1993,-75.7156,Plains,PA
18742,41.1883,-75.9822,Edwardsville,PA
18743,41.2997,-75.8121,Ashley,PA
18744,41.0814,-75.9294,Wilkes-Barre,PA
18745,41.3065,-75.7253,Plains,PA
18746,41.3175,-75.7928,Edwardsville,PA
18747,41.2253,-76.0039,Ashley,PA
18748,41.3183,-75.8276,Wilkes-Barre,PA
18749,41.3958,-75.8907,Plains,PA
18750,41.2225,-76.0122,Edwardsville,PA
18751,41.0676,-76.0413,Ashley,PA
18752,41.2153,-75.8201,Wilkes-Barre,PA
18753,41.2813,-75.9703,Plains,PA
18754,41.3184,-75.8542,Edwardsville,PA
18755,41.0885,-75.9256,Ashley,PA
18756,41.2801,-75.8265,Wilkes-Barre,PA
18757,41.0449,-75.8379,Plains,PA
18758,41.3997,-75.7917,Edwardsville,PA
18759,41.3836,-75.7102,Ashley,PA
18760,41.0385,-76.0606,Wilkes-Barre,PA
18761,41.2091,-75.8222,Plains,PA
18762,41.0142,-75.7663,Edwardsville,PA
18763,41.1891,-75.7278,Ashley,PA
18764,41.3702,-75.7641,Wilkes-Barre,PA
18765,41.2702,-75.8946,Plains,PA
18766,41.0191,-75.7788,Edwardsville,PA
18767,41.0018,-75.8466,Ashley,PA
18768,41.3110,-76.0251,Wilkes-Barre,PA
18769,41.0739,-75.7043,Plains,PA
18770,41.0709,-75.8763,Edwardsville,PA
18771,41.1333,-76.0739,Ashley,PA
18772,41.1905,-75.7180,Wilkes-Barre,PA
18773,41.1387,-75.9330,Plains,PA
18774,41.1292,-75.9442,Edwardsville,PA
18775,41.0517,-75.9088,Ashley,PA
18776,41.0854,-75.8157,Wilkes-Barre,PA
18777,41.1634,-76.0182,Plains,PA
18778,41.3539,-75.7872,Edwardsville,PA
18779,41.3533,-75.7594,Ashley,PA
18780,41.3823,-75.8580,Wilkes-Barre,PA
18781,41.0456,-76.0571,Plains,PA
18782,41.3908,-75.8961,Edwardsville,PA
18783,41.1183,-75.7724,Ashley,PA
18784,41.2760,-75.7187,Wilkes-Barre,PA
18785,41.3000,-76.0177,Plains,PA
18786,41.0818,-75.8327,Edwardsville,PA
18787,41.3429,-75.7867,Ashley,PA
18788,41.3363,-75.9954,Wilkes-Barre,PA
18789,41.2177,-76.0714,Plains,PA
18790,41.3367,-76.0716,Edwardsville,PA
18791,41.3941,-75.8794,Ashley,PA
18792,41.3736,-75.8893,Wilkes-Barre,PA
18793,41.3644,-76.0914,Plains,PA
18794,41.0058,-75.9848,Edwardsville,PA
18795,41.1320,-75.9205,Ashley,PA
18796,41.3047,-76.0699,Wilkes-Barre,PA
18797,41.2842,-75.8868,Plains,PA
18798,41.2619,-75.8610,Edwardsville,PA
18799,41.2887,-75.9466,Ashley,PA
16800,41.0929,-77.7283,State College,PA
16804,41.0604,-77.7883,State College,PA
16805,41.0781,-78.1082,Bellefonte,PA
16806,40.9056,-77.5736,Philipsburg,PA
16807,40.9133,-77.5782,Centre Hall,PA
16808,40.7994,-77.6162,State College,PA
16809,40.7868,-77.8578,Bellefonte,PA
16810,40.9536,-77.8776,Philipsburg,PA
16811,41.0385,-77.6627,Centre Hall,PA
16812,40.9578,-78.1498,State College,PA
16813,40.7151,-77.6542,Bellefonte,PA
16814,40.9303,-77.6072,Philipsburg,PA
16815,40.8345,-77.9897,Centre Hall,PA
16816,40.9062,-77.5818,State College,PA
16817,41.0104,-78.0773,Bellefonte,PA
16818,40.9170,-77.6686,Philipsburg,PA
16819,40.9428,-77.9674,Centre Hall,PA
16820,41.0589,-77.7993,State College,PA
16821,40.8867,-77.5818,Bellefonte,PA
16822,41.0514,-78.1247,Philipsburg,PA
16824,40.7388,-78.1026,State College,PA
16825,40.8707,-77.7403,Bellefonte,PA
16826,40.8163,-77.8933,Philipsburg,PA
16829,40.7642,-78.0838,Bellefonte,PA
16830,41.0273,-77.6843,Philipsburg,PA
16831,40.7393,-78.1837,Centre Hall,PA
16832,40.9464,-77.7849,State College,PA
16833,40.9102,-77.7416,Bellefonte,PA
16834,41.0513,-77.7183,Philipsburg,PA
16835,41.0698,-77.7179,Centre Hall,PA
16836,40.8419,-77.7629,State College,PA
16837,40.8594,-77.7267,Bellefonte,PA
16838,40.7187,-77.8179,Philipsburg,PA
16839,40.7766,-77.9191,Centre Hall,PA
16840,40.7294,-77.5091,State College,PA
16841,40.8830,-77.8304,Bellefonte,PA
16842,40.7535,-77.6733,Philipsburg,PA
16843,40.9430,-78.1159,Centre Hall,PA
16846,41.0722,-77.7851,Philipsburg,PA
16847,40.8337,-77.5620,Centre Hall,PA
16848,40.7738,-77.9884,State College,PA
16849,40.7878,-77.7079,Bellefonte,PA
16850,40.8865,-78.0016,Philipsburg,PA
16855,40.7246,-78.1351,Centre Hall,PA
16856,40.8650,-77.7902,State College,PA
16857,40.8950,-77.7415,Bellefonte,PA
16859,40.9583,-77.8734,Centre Hall,PA
16860,40.7335,-78.1280,State College,PA
16861,41.0653,-77.6705,Bellefonte,PA
16862,40.9303,-78.1088,Philipsburg,PA
16863,40.9288,-77.7480,Centre Hall,PA
16864,41.0214,-77.8283,State College,PA
16865,40.8537,-78.1530,Bellefonte,PA
16867,40.9099,-77.7754,Centre Hall,PA
16868,41.0700,-77.8802,State College,PA
16869,41.0227,-78.0063,Bellefonte,PA
16872,40.7977,-77.9352,State College,PA
16873,41.0908,-77.7144,Bellefonte,PA
16876,40.9094,-77.8527,State College,PA
16877,40.7684,-77.5798,Bellefonte,PA
16878,41.0017,-77.7827,Philipsburg,PA
16879,41.0908,-77.8112,Centre Hall,PA
16880,40.9271,-77.5708,State College,PA
16881,40.7117,-77.8553,Bellefonte,PA
16882,41.0447,-77.7743,Philipsburg,PA
16883,40.7178,-77.6975,Centre Hall,PA
16884,41.0485,-77.7107,State College,PA
16885,40.7907,-78.0516,Bellefonte,PA
16886,40.8113,-77.8725,Philipsburg,PA
16887,40.7928,-77.6624,Centre Hall,PA
16888,40.9879,-77.5447,State College,PA
16889,41.0841,-77.8242,Bellefonte,PA
16890,41.0860,-78.0423,Philipsburg,PA
16891,41.0758,-77.5480,Centre Hall,PA
16892,40.8752,-78.1231,State College,PA
16893,40.8388,-77.9371,Bellefonte,PA
16894,40.7733,-78.0900,Philipsburg,PA
16895,40.9662,-77.6842,Centre Hall,PA
16896,40.7783,-77.7331,State College,PA
16897,40.8202,-77.8095,Bellefonte,PA
16898,40.9675,-78.1353,Philipsburg,PA
16899,40.7483,-77.8108,Centre Hall,PA
17700,41.4944,-77.4085,Williamsport,PA
17703,41.2420,-77.2503,Jersey Shore,PA
17704,41.4220,-77.3975,Williamsport,PA
17705,41.1473,-76.9720,Montoursville,PA
17706,41.1034,-77.0231,South Williamsport,PA
17707,41.4803,-76.8423,Jersey Shore,PA
17708,41.4619,-77.3093,Williamsport,PA
17709,41.2939,-77.1280,Montoursville,PA
17710,41.0961,-77.2235,South Williamsport,PA
17711,41.0714,-76.8718,Jersey Shore,PA
17712,41.0392,-76.8860,Williamsport,PA
17713,41.0321,-77.1255,Montoursville,PA
17714,41.3216,-77.3167,South Williamsport,PA
17715,41.0035,-77.3765,Jersey Shore,PA
17716,41.0580,-77.0438,Williamsport,PA
17717,41.3954,-77.0234,Montoursville,PA
17718,41.3005,-77.3858,South Williamsport,PA
17719,41.0262,-77.1366,Jersey Shore,PA
17722,41.3422,-77.0403,South Williamsport,PA
17725,41.0615,-77.4759,Montoursville,PA
17726,41.2602,-77.1941,South Williamsport,PA
17727,41.2323,-77.0463,Jersey Shore,PA
17732,41.3440,-76.8487,Williamsport,PA
17733,41.4281,-77.2700,Montoursville,PA
17734,41.2390,-77.4092,South Williamsport,PA
17735,41.3945,-77.4766,Jersey Shore,PA
17736,41.4572,-77.0643,Williamsport,PA
17738,41.3222,-77.1167,South Williamsport,PA
17741,41.1760,-76.8944,Montoursville,PA
17743,41.1539,-77.0673,Jersey Shore,PA
17746,41.1315,-77.4141,South Williamsport,PA
17749,41.2141,-76.9960,Montoursville,PA
17752,41.3873,-77.3771,Williamsport,PA
17753,41.4488,-77.4183,Montoursville,PA
17755,41.4914,-76.9968,Jersey Shore,PA
17757,41.2403,-77.2549,Montoursville,PA
17759,41.4569,-77.2291,Jersey Shore,PA
17761,41.1647,-76.8841,Montoursville,PA
17766,41.4156,-77.4425,South Williamsport,PA
17767,41.3220,-77.0283,Jersey Shore,PA
17770,41.1973,-77.1333,South Williamsport,PA
17773,41.0503,-77.0023,Montoursville,PA
17775,41.1307,-77.4157,Jersey Shore,PA
17780,41.4065,-76.8797,Williamsport,PA
17781,41.2596,-77.0359,Montoursville,PA
17782,41.0474,-77.4350,South Williamsport,PA
17783,41.4002,-77.0525,Jersey Shore,PA
17784,41.1201,-76.8481,Williamsport,PA
17785,41.1255,-77.0879,Montoursville,PA
17786,41.4642,-77.1697,South Williamsport,PA
17787,41.1302,-77.2936,Jersey Shore,PA
17788,41.2409,-77.4623,Williamsport,PA
17789,41.4834,-77.4026,Montoursville,PA
17790,41.2440,-77.3347,South Williamsport,PA
17791,41.1392,-77.1325,Jersey Shore,PA
17792,41.1440,-76.9997,Williamsport,PA
17793,41.4968,-76.8518,Montoursville,PA
17794,41.4273,-77.1209,South Williamsport,PA
17795,41.1439,-77.4290,Jersey Shore,PA
17796,41.2212,-76.8024,Williamsport,PA
17797,41.2859,-76.9344,Montoursville,PA
17798,41.3057,-76.9237,South Williamsport,PA
17799,41.3621,-76.8652,Jersey Shore,PA
17800,40.7631,-76.6782,Bloomsburg,PA
17802,40.8380,-76.4135,Lewisburg,PA
17803,40.8377,-76.3320,Sunbury,PA
17804,40.8432,-76.4418,Bloomsburg,PA
17805,40.7462,-76.7313,Danville,PA
17806,40.8344,-76.4582,Lewisburg,PA
17807,40.7433,-76.4676,Sunbury,PA
17808,40.8375,-76.5478,Bloomsburg,PA
17809,40.7507,-76.7927,Danville,PA
17811,40.8657,-76.3504,Sunbury,PA
17812,41.0875,-76.7801,Bloomsburg,PA
17813,40.9115,-76.6196,Danville,PA
17814,40.9150,-76.3199,Lewisburg,PA
17816,40.8127,-76.5349,Bloomsburg,PA
17817,41.0746,-76.6954,Danville,PA
17818,40.8508,-76.4341,Lewisburg,PA
17819,40.8685,-76.6466,Sunbury,PA
17822,40.9326,-76.3185,Lewisburg,PA
17823,41.0459,-76.5917,Sunbury,PA
17825,41.0225,-76.5896,Danville,PA
17826,40.9969,-76.4642,Lewisburg,PA
17827,40.9395,-76.7857,Sunbury,PA
17828,40.7577,-76.4562,Bloomsburg,PA
17829,40.9185,-76.7758,Danville,PA
17831,40.7205,-76.7040,Sunbury,PA
17832,40.8089,-76.5979,Bloomsburg,PA
17833,40.7370,-76.3791,Danville,PA
17835,41.0755,-76.6223,Sunbury,PA
17836,40.8389,-76.4779,Bloomsburg,PA
17838,40.9311,-76.5919,Lewisburg,PA
17839,40.7408,-76.5041,Sunbury,PA
17841,41.0369,-76.7281,Danville,PA
17842,40.7112,-76.4938,Lewisburg,PA
17843,40.8131,-76.5329,Sunbury,PA
17845,40.8276,-76.7510,Danville,PA
17848,40.9076,-76.3793,Bloomsburg,PA
17849,41.0167,-76.3546,Danville,PA
17852,40.8804,-76.3253,Bloomsburg,PA
17853,41.0296,-76.3553,Danville,PA
17854,40.8052,-76.4837,Lewisburg,PA
17856,41.0655,-76.7785,Bloomsburg,PA
17858,40.8982,-76.3203,Lewisburg,PA
17859,41.0645,-76.3290,Sunbury,PA
17860,40.8187,-76.3941,Bloomsburg,PA
17861,40.7052,-76.7406,Danville,PA
17862,40.8269,-76.4057,Lewisburg,PA
17863,40.8670,-76.4140,Sunbury,PA
17865,40.8283,-76.6804,Danville,PA
17867,41.0130,-76.3116,Sunbury,PA
17869,40.7837,-76.6142,Danville,PA
17871,40.9114,-76.4121,Sunbury,PA
17873,41.0403,-76.5615,Danville,PA
17874,40.7253,-76.5109,Lewisburg,PA
17875,40.7375,-76.3273,Sunbury,PA
17877,40.9194,-76.5013,Danville,PA
17878,40.9455,-76.4605,Lewisburg,PA
17879,40.7301,-76.3078,Sunbury,PA
17880,41.0327,-76.3886,Bloomsburg,PA
17881,40.8526,-76.6810,Danville,PA
17882,41.0457,-76.6954,Lewisburg,PA
17883,40.8311,-76.6176,Sunbury,PA
17885,40.7549,-76.5427,Danville,PA
17887,41.0525,-76.4497,Sunbury,PA
17888,40.9866,-76.6797,Bloomsburg,PA
17890,40.8759,-76.6142,Lewisburg,PA
17891,41.0797,-76.4191,Sunbury,PA
17892,40.9824,-76.3193,Bloomsburg,PA
17893,41.0250,-76.6176,Danville,PA
17894,40.7659,-76.4682,Lewisburg,PA
17895,41.0485,-76.7793,Sunbury,PA
17896,40.9172,-76.3313,Bloomsburg,PA
17897,40.8506,-76.4466,Danville,PA
17898,41.0510,-76.5798,Lewisburg,PA
17899,40.7468,-76.7668,Sunbury,PA
16300,41.5335,-80.0718,Meadville,PA
16302,41.4717,-80.2258,Franklin,PA
16303,41.5962,-80.0600,Titusville,PA
16304,41.6366,-79.4206,Meadville,PA
16305,41.7278,-79.6400,Oil City,PA
16306,41.6235,-79.9036,Franklin,PA
16307,41.4988,-80.2940,Titusville,PA
16308,41.4218,-79.4792,Meadville,PA
16309,41.6545,-79.6846,Oil City,PA
16310,41.7699,-79.7205,Franklin,PA
16312,41.6984,-80.3557,Meadville,PA
16313,41.6410,-79.8387,Oil City,PA
16315,41.5012,-79.8749,Titusville,PA
16317,41.5060,-79.4577,Oil City,PA
16318,41.4691,-79.5302,Franklin,PA
16320,41.6143,-79.5965,Meadville,PA
16321,41.6805,-79.9527,Oil City,PA
16322,41.6405,-79.9950,Franklin,PA
16324,41.5755,-80.2192,Meadville,PA
16325,41.7718,-80.1378,Oil City,PA
16328,41.6449,-80.2026,Meadville,PA
16330,41.6460,-79.5688,Franklin,PA
16331,41.6147,-79.8308,Titusville,PA
16332,41.7159,-80.0410,Meadville,PA
16333,41.7682,-79.5357,Oil City,PA
16336,41.5044,-79.4684,Meadville,PA
16337,41.5615,-80.3674,Oil City,PA
16338,41.5356,-79.4036,Franklin,PA
16339,41.4703,-79.5806,Titusville,PA
16343,41.7596,-79.5557,Titusville,PA
16344,41.7381,-79.7642,Meadville,PA
16345,41.7314,-79.9280,Oil City,PA
16348,41.5816,-79.9995,Meadville,PA
16349,41.5011,-80.0755,Oil City,PA
16350,41.4214,-79.6566,Franklin,PA
16351,41.4566,-79.7417,Titusville,PA
16352,41.4658,-79.7180,Meadville,PA
16355,41.6685,-80.0839,Titusville,PA
16356,41.6981,-80.3828,Meadville,PA
16357,41.7974,-79.8402,Oil City,PA
16358,41.5610,-79.7337,Franklin,PA
16359,41.7142,-80.2394,Titusville,PA
16361,41.4584,-79.6107,Oil City,PA
16363,41.4391,-79.7529,Titusville,PA
16364,41.6083,-79.5065,Meadville,PA
16366,41.4144,-80.2408,Franklin,PA
16367,41.6225,-79.6696,Titusville,PA
16368,41.4764,-79.8807,Meadville,PA
16369,41.6382,-79.8178,Oil City,PA
16370,41.6333,-80.2294,Franklin,PA
16372,41.4285,-79.4973,Meadville,PA
16373,41.4843,-80.2111,Oil City,PA
16374,41.7762,-80.2555,Franklin,PA
16375,41.4023,-79.5517,Titusville,PA
16376,41.5003,-79.5290,Meadville,PA
16377,41.4743,-79.8008,Oil City,PA
16378,41.4799,-79.4460,Franklin,PA
16379,41.5896,-79.9661,Titusville,PA
16380,41.7214,-80.0842,Meadville,PA
16381,41.6660,-80.0933,Oil City,PA
16382,41.4730,-80.0337,Franklin,PA
16383,41.4418,-80.1350,Titusville,PA
16384,41.7904,-80.1359,Meadville,PA
16385,41.5186,-79.4124,Oil City,PA
16386,41.6833,-79.9567,Franklin,PA
16387,41.7898,-80.0886,Titusville,PA
16388,41.5727,-79.8820,Meadville,PA
16389,41.4045,-80.3294,Oil City,PA
16390,41.6209,-79.6310,Franklin,PA
16391,41.6636,-80.1365,Titusville,PA
16392,41.7963,-80.1445,Meadville,PA
16393,41.5454,-79.5252,Oil City,PA
16394,41.4795,-80.1658,Franklin,PA
16395,41.7741,-80.3300,Titusville,PA
16396,41.4158,-79.9635,Meadville,PA
16397,41.4369,-80.3543,Oil City,PA
16398,41.6678,-80.3426,Franklin,PA
16399,41.7393,-79.4304,Titusville,PA
16400,42.0092,-79.8911,Erie,PA
16402,42.1116,-80.0224,Waterford,PA
16408,41.9798,-79.8318,Erie,PA
16409,41.9884,-79.7506,Edinboro,PA
16413,42.0942,-79.8605,Edinboro,PA
16414,42.0130,-80.3576,Waterford,PA
16416,42.0713,-80.3622,Erie,PA
16418,42.0275,-80.2844,Waterford,PA
16419,42.1600,-80.4991,Fairview,PA
16422,42.1544,-80.3887,Waterford,PA
16425,42.1721,-79.8579,Edinboro,PA
16429,41.8834,-80.0222,Edinboro,PA
16431,42.0774,-80.0530,Fairview,PA
16432,42.1086,-80.1424,Erie,PA
16437,41.9807,-80.0950,Edinboro,PA
16439,41.8551,-79.9582,Fairview,PA
16445,42.0766,-80.4087,Edinboro,PA
16446,42.0422,-79.8617,Waterford,PA
16447,41.8146,-80.1995,Fairview,PA
16448,41.8522,-80.4318,Erie,PA
16449,41.9851,-79.8435,Edinboro,PA
16450,41.9557,-79.8808,Waterford,PA
16451,42.0212,-80.1428,Fairview,PA
16452,42.1796,-79.9356,Erie,PA
16453,41.9504,-80.2485,Edinboro,PA
16454,41.8050,-80.1937,Waterford,PA
16455,41.9897,-80.1334,Fairview,PA
16456,41.8612,-79.7027,Erie,PA
16457,42.1524,-80.4159,Edinboro,PA
16458,42.1981,-80.3709,Waterford,PA
16459,42.1155,-80.0217,Fairview,PA
16460,42.1527,-79.8395,Erie,PA
16461,41.9122,-80.2718,Edinboro,PA
16462,42.1813,-80.1811,Waterford,PA
16463,42.1716,-80.3496,Fairview,PA
16464,42.0332,-80.1341,Erie,PA
16465,42.0607,-80.1370,Edinboro,PA
16466,41.9035,-80.3745,Waterford,PA
16467,41.8930,-79.7263,Fairview,PA
16468,42.1188,-79.7995,Erie,PA
16469,42.0447,-80.1681,Edinboro,PA
16470,42.0410,-80.2472,Waterford,PA
16471,42.1471,-79.9863,Fairview,PA
16472,42.1079,-79.9768,Erie,PA
16473,42.0762,-79.8197,Edinboro,PA
16474,42.0283,-80.0236,Waterford,PA
16476,41.8149,-80.2781,Erie,PA
16477,41.8845,-80.0974,Edinboro,PA
16478,42.1852,-79.7926,Waterford,PA
16479,41.8406,-80.0997,Fairview,PA
16480,42.1183,-80.1041,Erie,PA
16481,42.0470,-80.2254,Edinboro,PA
16482,41.9320,-80.3107,Waterford,PA
16483,41.8120,-80.1036,Fairview,PA
16484,42.1826,-80.3689,Erie,PA
16485,41.8184,-80.1968,Edinboro,PA
16486,41.8766,-79.8103,Waterford,PA
16487,42.0099,-80.3715,Fairview,PA
16488,41.8814,-80.3577,Erie,PA
16489,41.8810,-79.8899,Edinboro,PA
16490,42.1835,-80.1376,Waterford,PA
16491,41.8669,-79.7593,Fairview,PA
16492,42.1232,-80.4017,Erie,PA
16493,41.8941,-79.7111,Edinboro,PA
16494,41.8792,-79.9953,Waterford,PA
16495,41.8408,-80.4659,Fairview,PA
16496,41.8746,-80.0734,Erie,PA
16497,41.9393,-80.0479,Edinboro,PA
16498,41.9475,-80.1988,Waterford,PA
16499,42.1903,-79.8965,Fairview,PA
15300,39.9521,-79.7898,Washington,PA
15302,39.8417,-80.0473,McMurray,PA
15303,39.8533,-80.2360,Charleroi,PA
15304,40.0962,-79.9439,Washington,PA
15305,39.8744,-79.9997,Canonsburg,PA
15306,39.9327,-79.8671,McMurray,PA
15307,39.9875,-79.7646,Charleroi,PA
15308,40.1903,-79.9975,Washington,PA
15309,39.8618,-79.8081,Canonsburg,PA
15310,40.1625,-79.8913,McMurray,PA
15311,40.1380,-79.9494,Charleroi,PA
15312,40.0531,-80.0681,Washington,PA
15313,39.9627,-80.1885,Canonsburg,PA
15315,40.0603,-80.1304,Charleroi,PA
15316,39.8182,-79.8398,Washington,PA
15318,39.9449,-80.1105,McMurray,PA
15319,40.0098,-79.8233,Charleroi,PA
15320,39.9768,-80.0913,Washington,PA
15321,40.0446,-79.8405,Canonsburg,PA
15322,39.8145,-79.7145,McMurray,PA
15323,39.9877,-80.0355,Charleroi,PA
15324,40.1108,-79.8135,Washington,PA
15325,39.9663,-79.8217,Canonsburg,PA
15326,39.8704,-79.8389,McMurray,PA
15327,39.8946,-79.7744,Charleroi,PA
15328,39.9328,-80.0811,Washington,PA
15329,39.8837,-79.8686,Canonsburg,PA
15331,40.1057,-79.7643,Charleroi,PA
15333,39.9507,-80.2344,Canonsburg,PA
15334,40.0013,-80.2187,McMurray,PA
15335,39.8446,-79.7209,Charleroi,PA
15336,39.8627,-79.9033,Washington,PA
15337,39.9258,-79.7528,Canonsburg,PA
15338,39.9737,-80.1164,McMurray,PA
15339,40.1458,-79.8346,Charleroi,PA
15341,40.0056,-79.8043,Canonsburg,PA
15342,40.1693,-80.2934,McMurray,PA
15343,40.0638,-79.7753,Charleroi,PA
15344,39.8896,-80.2704,Washington,PA
15346,39.8016,-79.9866,McMurray,PA
15348,40.0895,-80.0604,Washington,PA
15349,39.9890,-80.1794,Canonsburg,PA
15350,40.0172,-79.9550,McMurray,PA
15351,40.1365,-79.9044,Charleroi,PA
15352,40.1900,-80.1307,Washington,PA
15353,39.8484,-79.7737,Canonsburg,PA
15354,40.1975,-79.9228,McMurray,PA
15355,40.0897,-80.0766,Charleroi,PA
15356,39.8592,-79.8464,Washington,PA
15357,39.9923,-79.7390,Canonsburg,PA
15358,39.8454,-80.2492,McMurray,PA
15359,40.0466,-79.9632,Charleroi,PA
15360,40.0147,-80.0666,Washington,PA
15361,40.1428,-80.2676,Canonsburg,PA
15363,39.8304,-79.9950,Charleroi,PA
15364,40.0827,-80.2610,Washington,PA
15365,40.1823,-79.9970,Canonsburg,PA
15366,40.0997,-79.9648,McMurray,PA
15367,40.0867,-79.7571,Charleroi,PA
15368,40.1785,-79.7710,Washington,PA
15369,40.0073,-79.8032,Canonsburg,PA
15371,40.0305,-80.0854,Charleroi,PA
15372,40.1720,-80.1148,Washington,PA
15373,40.1701,-79.9032,Canonsburg,PA
15374,39.9695,-80.0087,McMurray,PA
15375,39.8627,-79.8111,Charleroi,PA
15376,39.9627,-80.0073,Washington,PA
15377,39.8903,-79.9701,Canonsburg,PA
15378,40.1686,-80.2847,McMurray,PA
15379,40.0228,-79.8001,Charleroi,PA
15380,40.1452,-79.8539,Washington,PA
15381,39.8487,-79.8938,Canonsburg,PA
15382,39.9900,-79.8903,McMurray,PA
15383,40.0246,-79.7408,Charleroi,PA
15384,39.8021,-79.9596,Washington,PA
15385,39.9607,-80.1037,Canonsburg,PA
15386,40.0425,-80.0211,McMurray,PA
15387,39.9663,-80.2111,Charleroi,PA
15388,40.0388,-79.8912,Washington,PA
15389,40.1236,-79.8783,Canonsburg,PA
15390,40.1468,-79.7036,McMurray,PA
15391,40.0746,-80.0155,Charleroi,PA
15392,39.8210,-79.8002,Washington,PA
15393,39.8909,-80.2637,Canonsburg,PA
15394,39.8483,-80.0729,McMurray,PA
15395,40.0201,-80.1749,Charleroi,PA
15396,40.0693,-79.8517,Washington,PA
15397,39.9306,-80.1598,Canonsburg,PA
15398,40.1481,-79.9990,McMurray,PA
15399,40.1383,-79.9816,Charleroi,PA
15400,39.9725,-79.1136,Uniontown,PA
15402,39.8918,-79.0833,Somerset,PA
15403,40.0271,-79.4312,Meyersdale,PA
15404,40.0458,-79.4161,Uniontown,PA
15405,39.8792,-79.5056,Connellsville,PA
15406,39.7098,-79.2976,Somerset,PA
15407,39.8455,-79.6649,Meyersdale,PA
15408,39.8745,-79.7194,Uniontown,PA
15409,39.7572,-79.3675,Connellsville,PA
15410,40.0771,-79.6141,Somerset,PA
15411,39.9852,-79.4792,Meyersdale,PA
15412,39.7199,-79.2562,Uniontown,PA
15413,40.0166,-79.6181,Connellsville,PA
15414,39.7872,-79.1765,Somerset,PA
15415,39.7553,-79.4287,Meyersdale,PA
15416,40.0653,-79.0360,Uniontown,PA
15418,39.8191,-79.4600,Somerset,PA
15419,39.9704,-79.1582,Meyersdale,PA
15420,39.9349,-79.3721,Uniontown,PA
15421,40.0308,-79.1853,Connellsville,PA
15422,39.9431,-79.2644,Somerset,PA
15423,39.7137,-79.7831,Meyersdale,PA
15424,39.9130,-79.1811,Uniontown,PA
15426,40.0229,-79.0798,Somerset,PA
15427,39.8831,-79.4899,Meyersdale,PA
15428,39.9495,-79.0452,Uniontown,PA
15429,39.7789,-79.4010,Connellsville,PA
15430,39.9136,-79.4473,Somerset,PA
15431,39.9496,-79.4515,Meyersdale,PA
15433,40.0365,-79.2567,Connellsville,PA
15434,39.9289,-79.5092,Somerset,PA
15435,39.7123,-79.3460,Meyersdale,PA
15436,40.0602,-79.3550,Uniontown,PA
15438,39.9282,-79.0981,Somerset,PA
15439,39.8292,-79.5034,Meyersdale,PA
15440,39.8219,-79.4448,Uniontown,PA
15441,40.0939,-79.1717,Connellsville,PA
15442,39.8982,-79.4865,Somerset,PA
15443,39.8057,-79.6349,Meyersdale,PA
15444,39.8775,-79.5463,Uniontown,PA
15446,39.7286,-79.3688,Somerset,PA
15447,39.9884,-79.6024,Meyersdale,PA
15448,39.9463,-79.7706,Uniontown,PA
15449,39.7469,-79.2905,Connellsville,PA
15450,39.7579,-79.2821,Somerset,PA
15451,39.9099,-79.3978,Meyersdale,PA
15452,39.7362,-79.4418,Uniontown,PA
15453,39.7108,-79.5587,Connellsville,PA
15454,39.7949,-79.2955,Somerset,PA
15455,40.0241,-79.2740,Meyersdale,PA
15457,39.7218,-79.2493,Connellsville,PA
15458,39.7728,-79.1686,Somerset,PA
15460,39.8489,-79.3418,Uniontown,PA
15462,39.8002,-79.1882,Somerset,PA
15463,39.7097,-79.4635,Meyersdale,PA
15464,40.0394,-79.2304,Uniontown,PA
15465,40.0191,-79.3951,Connellsville,PA
15466,39.9779,-79.3756,Somerset,PA
15467,40.0808,-79.6544,Meyersdale,PA
15469,40.0301,-79.4516,Connellsville,PA
15470,39.9063,-79.3510,Somerset,PA
15471,39.8489,-79.6051,Meyersdale,PA
15472,39.9203,-79.6721,Uniontown,PA
15474,40.0466,-79.3523,Somerset,PA
15475,39.9979,-79.4978,Meyersdale,PA
15476,39.9329,-79.6737,Uniontown,PA
15477,40.0935,-79.4045,Connellsville,PA
15479,40.0741,-79.2091,Meyersdale,PA
15480,39.7974,-79.0811,Uniontown,PA
15481,39.7210,-79.7954,Connellsville,PA
15483,39.7980,-79.6888,Meyersdale,PA
15484,39.9002,-79.6692,Uniontown,PA
15485,40.0218,-79.5975,Connellsville,PA
15487,39.9635,-79.4645,Meyersdale,PA
15488,39.8186,-79.1978,Uniontown,PA
15489,39.8643,-79.1640,Connellsville,PA
15490,39.7034,-79.2991,Somerset,PA
15491,39.8864,-79.0248,Meyersdale,PA
15492,39.9824,-79.0845,Uniontown,PA
15493,40.0494,-79.4204,Connellsville,PA
15494,39.8549,-79.1100,Somerset,PA
15495,39.7104,-79.4190,Meyersdale,PA
15496,39.7777,-79.3284,Uniontown,PA
15497,39.7256,-79.5708,Connellsville,PA
15498,40.0645,-79.5213,Somerset,PA
15499,39.7105,-79.3416,Meyersdale,PA
15500,40.2331,-79.5145,Greensburg,PA
15503,40.3556,-79.0184,Indiana,PA
15504,40.3448,-79.3956,Greensburg,PA
15505,40.3983,-79.4351,Latrobe,PA
15506,40.3747,-79.1214,Ligonier,PA
15507,40.2134,-79.3981,Indiana,PA
15508,40.2807,-79.3261,Greensburg,PA
15509,40.0684,-79.2380,Latrobe,PA
15511,40.1266,-79.0747,Indiana,PA
15512,40.0434,-79.5451,Greensburg,PA
15513,40.3689,-79.5933,Latrobe,PA
15514,40.3722,-79.0057,Ligonier,PA
15515,40.3917,-79.5147,Indiana,PA
15516,40.0700,-79.2220,Greensburg,PA
15517,40.3398,-79.2532,Latrobe,PA
15518,40.2753,-79.1579,Ligonier,PA
15519,40.0422,-79.3330,Indiana,PA
15520,40.0502,-79.1292,Greensburg,PA
15523,40.2887,-79.1371,Indiana,PA
15524,40.1649,-79.4837,Greensburg,PA
15525,40.0788,-79.1461,Latrobe,PA
15526,40.2058,-79.0676,Ligonier,PA
15527,40.2559,-79.2939,Indiana,PA
15528,40.3058,-79.1071,Greensburg,PA
15529,40.2572,-79.1613,Latrobe,PA
15531,40.1664,-79.1677,Indiana,PA
15532,40.1671,-79.4022,Greensburg,PA
15533,40.3329,-79.1680,Latrobe,PA
15535,40.1348,-79.1672,Indiana,PA
15536,40.1570,-79.4184,Greensburg,PA
15539,40.1909,-79.3671,Indiana,PA
15541,40.0897,-79.5696,Latrobe,PA
15542,40.0948,-79.4429,Ligonier,PA
15543,40.2353,-79.3443,Indiana,PA
15544,40.2851,-79.4791,Greensburg,PA
15545,40.1298,-79.4431,Latrobe,PA
15546,40.0669,-79.4019,Ligonier,PA
15547,40.2103,-79.5015,Indiana,PA
15548,40.2089,-79.4729,Greensburg,PA
15549,40.3988,-79.1765,Latrobe,PA
15550,40.1599,-79.3394,Ligonier,PA
15551,40.2755,-79.3344,Indiana,PA
15552,40.1735,-79.4720,Greensburg,PA
15553,40.3838,-79.1783,Latrobe,PA
15555,40.3376,-79.3541,Indiana,PA
15556,40.0084,-79.0705,Greensburg,PA
15558,40.2468,-79.1572,Ligonier,PA
15559,40.0582,-79.3747,Indiana,PA
15560,40.0439,-79.2452,Greensburg,PA
15561,40.3694,-79.3528,Latrobe,PA
15562,40.1722,-79.2953,Ligonier,PA
15564,40.1378,-79.1224,Greensburg,PA
15565,40.2825,-79.0430,Latrobe,PA
15566,40.1281,-79.1251,Ligonier,PA
15567,40.0607,-79.5614,Indiana,PA
15568,40.3848,-79.2829,Greensburg,PA
15569,40.2871,-79.0829,Latrobe,PA
15570,40.1074,-79.3894,Ligonier,PA
15571,40.0200,-79.0634,Indiana,PA
15572,40.0192,-79.2596,Greensburg,PA
15573,40.1029,-79.0398,Latrobe,PA
15574,40.3403,-79.3139,Ligonier,PA
15575,40.2809,-79.3470,Indiana,PA
15576,40.2491,-79.2007,Greensburg,PA
15577,40.2471,-79.1517,Latrobe,PA
15578,40.1350,-79.3265,Ligonier,PA
15579,40.0854,-79.5169,Indiana,PA
15580,40.1319,-79.1243,Greensburg,PA
15581,40.3938,-79.1369,Latrobe,PA
15582,40.2249,-79.5071,Ligonier,PA
15583,40.1258,-79.1210,Indiana,PA
15584,40.1920,-79.1307,Greensburg,PA
15585,40.0276,-79.5431,Latrobe,PA
15586,40.0409,-79.1236,Ligonier,PA
15587,40.2410,-79.3212,Indiana,PA
15588,40.0450,-79.3264,Greensburg,PA
15589,40.1559,-79.4297,Latrobe,PA
15590,40.0120,-79.0367,Ligonier,PA
15591,40.3355,-79.3168,Indiana,PA
15592,40.3925,-79.3321,Greensburg,PA
15593,40.1645,-79.2621,Latrobe,PA
15594,40.2165,-79.3099,Ligonier,PA
15595,40.1928,-79.4700,Indiana,PA
15596,40.0805,-79.2282,Greensburg,PA
15597,40.0453,-79.5198,Latrobe,PA
15598,40.3220,-79.1512,Ligonier,PA
15599,40.0857,-79.2012,Indiana,PA
15600,40.3998,-79.1614,Greensburg,PA
15602,40.3217,-79.6028,Kittanning,PA
15603,40.5039,-79.4476,Blairsville,PA
15604,40.5551,-79.0423,Greensburg,PA
15605,40.5497,-79.4031,Indiana,PA
15606,40.5388,-79.2152,Kittanning,PA
15607,40.4967,-79.7924,Blairsville,PA
15608,40.3319,-79.7356,Greensburg,PA
15609,40.3075,-79.6694,Indiana,PA
15611,40.4552,-79.7059,Blairsville,PA
15612,40.3026,-79.5843,Greensburg,PA
15614,40.6570,-79.3825,Kittanning,PA
15616,40.3346,-79.5696,Greensburg,PA
15618,40.5356,-79.6392,Kittanning,PA
15619,40.4480,-79.6121,Blairsville,PA
15620,40.2789,-79.0367,Greensburg,PA
15621,40.5734,-79.4302,Indiana,PA
15623,40.6340,-79.2855,Blairsville,PA
15624,40.4878,-79.4098,Greensburg,PA
15625,40.2307,-79.7564,Indiana,PA
15628,40.2035,-79.5740,Greensburg,PA
15629,40.6069,-79.5300,Indiana,PA
15630,40.4339,-79.5589,Kittanning,PA
15632,40.5150,-79.2477,Greensburg,PA
15633,40.3931,-79.4444,Indiana,PA
15634,40.2734,-79.5596,Kittanning,PA
15635,40.5428,-79.1811,Blairsville,PA
15638,40.6163,-79.4325,Kittanning,PA
15639,40.3733,-79.5525,Blairsville,PA
15640,40.5784,-79.5638,Greensburg,PA
15641,40.4890,-79.3348,Indiana,PA
15642,40.3181,-79.1557,Kittanning,PA
15643,40.3367,-79.7998,Blairsville,PA
15645,40.2165,-79.6190,Indiana,PA
15646,40.5459,-79.7038,Kittanning,PA
15647,40.2329,-79.3794,Blairsville,PA
15648,40.3136,-79.6884,Greensburg,PA
15649,40.3065,-79.4605,Indiana,PA
15651,40.4545,-79.2892,Blairsville,PA
15652,40.5512,-79.3801,Greensburg,PA
15653,40.4096,-79.5627,Indiana,PA
Total entries: 1799
